_type,_path
file,index.md
dir,idolStage 商品
file,idolStage 商品/index.md
file,idolStage 商品/intro.md
file,idolStage 商品/test.md
dir,idolStage 商品/intro
file,idolStage 商品/intro/index.md
file,idolStage 商品/intro/test.md
dir,idolStage 团队档案
file,idolStage 团队档案/index.md
file,idolStage 团队档案/test.md
dir,idolStage 活动信息
file,idolStage 活动信息/index.md
file,idolStage 活动信息/intro.md
file,idolStage 活动信息/test.md
dir,idolStage 活动信息/intro
file,idolStage 活动信息/intro/index.md
file,idolStage 活动信息/intro/test.md
dir,idolStage 活动信息/测试
file,idolStage 活动信息/测试/index.md
file,idolStage 活动信息/测试/test.md
dir,idolStage 活动信息/测试/测试 - 副本
file,idolStage 活动信息/测试/测试 - 副本/index.md
file,idolStage 活动信息/测试/测试 - 副本/test.md
dir,idolStage 活动信息/测试/测试 - 副本/测试 - 副本 - 副本
file,idolStage 活动信息/测试/测试 - 副本/测试 - 副本 - 副本/index.md
file,idolStage 活动信息/测试/测试 - 副本/测试 - 副本 - 副本/test.md
dir,idolStage 活动信息/测试/测试 - 副本/测试 - 副本 - 副本/测试 - 副本 - 副本 - 副本
file,idolStage 活动信息/测试/测试 - 副本/测试 - 副本 - 副本/测试 - 副本 - 副本 - 副本/index.md
file,idolStage 活动信息/测试/测试 - 副本/测试 - 副本 - 副本/测试 - 副本 - 副本 - 副本/test.md
dir,专栏：偶活与生活
file,专栏：偶活与生活/index.md
file,专栏：偶活与生活/test.md
dir,我们提供的企划和服务
file,我们提供的企划和服务/index.md
file,我们提供的企划和服务/test.md
